{"cameraMode":{"drawMode":0,"name":"Shaded","section":"Shading Mode"},"sceneLighting":true,"audioPlay":false,"sceneViewState":{"m_AlwaysRefresh":false,"showFog":true,"showSkybox":true,"showFlares":true,"showImageEffects":true,"showParticleSystems":true,"showVisualEffectGraphs":true,"m_FxEnabled":true},"in2DMode":false,"pivot":{"x":499.85430908203127,"y":344.0258483886719,"z":-85.16423797607422},"rotation":{"x":0.07191574573516846,"y":-0.02393546886742115,"z":0.0017093690112233163,"w":0.9970995187759399},"size":417.2619323730469,"orthographic":true}